model,model_key,project,repo,id_build,run_url,actual_duration,prediction,baseline_lag1,baseline_mean7,abs_error_model,abs_error_lag1,abs_error_mean7,case_type
DT,decision_tree,bmad,bmad-sim/bmad-ecosystem,16818200706,https://github.com/bmad-sim/bmad-ecosystem/actions/runs/16818200706,1112.0,1111.7777777777778,1165.0,1155.2857142857142,0.2222222222221717,53.0,43.28571428571422,best_model
DT,decision_tree,bmad,bmad-sim/bmad-ecosystem,17180389508,https://github.com/bmad-sim/bmad-ecosystem/actions/runs/17180389508,1113.0,1111.7777777777778,1191.0,1155.4285714285713,1.2222222222221717,78.0,42.42857142857133,best_model
DT,decision_tree,bmad,bmad-sim/bmad-ecosystem,17075600703,https://github.com/bmad-sim/bmad-ecosystem/actions/runs/17075600703,1138.0,1139.6,1211.0,1168.0,1.599999999999909,73.0,30.0,best_model
DT,decision_tree,bmad,bmad-sim/bmad-ecosystem,17184583649,https://github.com/bmad-sim/bmad-ecosystem/actions/runs/17184583649,1099.0,1254.127777777778,1161.0,1138.0,155.12777777777796,62.0,39.0,worst_model
DT,decision_tree,bmad,bmad-sim/bmad-ecosystem,16732721367,https://github.com/bmad-sim/bmad-ecosystem/actions/runs/16732721367,1221.0,1086.4615384615386,1113.0,1124.5714285714287,134.53846153846143,108.0,96.42857142857133,worst_model
DT,decision_tree,bmad,bmad-sim/bmad-ecosystem,16897356510,https://github.com/bmad-sim/bmad-ecosystem/actions/runs/16897356510,1126.0,1254.127777777778,1178.0,1158.7142857142858,128.12777777777796,52.0,32.71428571428578,worst_model
DT,decision_tree,bruce,pr3y/Bruce,15508901629,https://github.com/pr3y/Bruce/actions/runs/15508901629,303.0,302.6633333333333,298.0,329.14285714285717,0.33666666666670153,5.0,26.142857142857167,best_model
DT,decision_tree,bruce,pr3y/Bruce,16313829697,https://github.com/pr3y/Bruce/actions/runs/16313829697,314.0,313.55,305.0,335.57142857142856,0.44999999999998863,9.0,21.571428571428555,best_model
DT,decision_tree,bruce,pr3y/Bruce,16282642108,https://github.com/pr3y/Bruce/actions/runs/16282642108,305.0,306.7896551724138,310.0,355.0,1.7896551724138021,5.0,50.0,best_model
DT,decision_tree,bruce,pr3y/Bruce,16200244216,https://github.com/pr3y/Bruce/actions/runs/16200244216,436.0,302.6633333333333,329.0,328.7142857142857,133.3366666666667,107.0,107.28571428571428,worst_model
DT,decision_tree,bruce,pr3y/Bruce,16963328986,https://github.com/pr3y/Bruce/actions/runs/16963328986,438.0,313.55,316.0,336.85714285714283,124.44999999999999,122.0,101.14285714285717,worst_model
DT,decision_tree,bruce,pr3y/Bruce,16574337568,https://github.com/pr3y/Bruce/actions/runs/16574337568,414.0,302.6633333333333,411.0,321.7142857142857,111.3366666666667,3.0,92.28571428571428,worst_model
DT,decision_tree,ccpay,hmcts/ccpay-payment-app,16768966743,https://github.com/hmcts/ccpay-payment-app/actions/runs/16768966743,327.0,327.0,326.0,331.85714285714283,0.0,1.0,4.857142857142833,best_model
DT,decision_tree,ccpay,hmcts/ccpay-payment-app,16564235902,https://github.com/hmcts/ccpay-payment-app/actions/runs/16564235902,326.0,327.0,360.0,342.85714285714283,1.0,34.0,16.857142857142833,best_model
DT,decision_tree,ccpay,hmcts/ccpay-payment-app,16748028011,https://github.com/hmcts/ccpay-payment-app/actions/runs/16748028011,346.0,347.0,315.0,334.2857142857143,1.0,31.0,11.714285714285722,best_model
DT,decision_tree,ccpay,hmcts/ccpay-payment-app,16624406460,https://github.com/hmcts/ccpay-payment-app/actions/runs/16624406460,416.0,327.0,311.0,329.85714285714283,89.0,105.0,86.14285714285717,worst_model
DT,decision_tree,ccpay,hmcts/ccpay-payment-app,16565220137,https://github.com/hmcts/ccpay-payment-app/actions/runs/16565220137,397.0,324.0,353.0,332.57142857142856,73.0,44.0,64.42857142857144,worst_model
DT,decision_tree,ccpay,hmcts/ccpay-payment-app,16624410978,https://github.com/hmcts/ccpay-payment-app/actions/runs/16624410978,301.0,369.5,416.0,345.42857142857144,68.5,115.0,44.428571428571445,worst_model
DT,decision_tree,daos,daos-stack/daos,20062591051,https://github.com/daos-stack/daos/actions/runs/20062591051,2339.0,2338.1111111111113,2412.0,2819.4285714285716,0.8888888888886868,73.0,480.42857142857156,best_model
DT,decision_tree,daos,daos-stack/daos,20017585904,https://github.com/daos-stack/daos/actions/runs/20017585904,2366.0,2364.5,2425.0,2254.8571428571427,1.5,59.0,111.14285714285734,best_model
DT,decision_tree,daos,daos-stack/daos,19706711157,https://github.com/daos-stack/daos/actions/runs/19706711157,1627.0,1624.6666666666667,1631.0,2328.4285714285716,2.3333333333332575,4.0,701.4285714285716,best_model
DT,decision_tree,daos,daos-stack/daos,19711730134,https://github.com/daos-stack/daos/actions/runs/19711730134,8038.0,1711.7,3023.0,4191.285714285715,6326.3,5015.0,3846.7142857142853,worst_model
DT,decision_tree,daos,daos-stack/daos,19709853974,https://github.com/daos-stack/daos/actions/runs/19709853974,9297.0,3939.1111111111113,5288.0,2450.714285714286,5357.888888888889,4009.0,6846.285714285714,worst_model
DT,decision_tree,daos,daos-stack/daos,19942358272,https://github.com/daos-stack/daos/actions/runs/19942358272,7964.0,2610.909090909091,3560.0,4389.714285714285,5353.090909090909,4404.0,3574.2857142857147,worst_model
DT,decision_tree,filterlists,collinbarrett/FilterLists,16760136487,https://github.com/collinbarrett/FilterLists/actions/runs/16760136487,26.0,25.863636363636363,117.0,109.71428571428571,0.1363636363636367,91.0,83.71428571428571,best_model
DT,decision_tree,filterlists,collinbarrett/FilterLists,16885176914,https://github.com/collinbarrett/FilterLists/actions/runs/16885176914,26.0,25.863636363636363,157.0,96.28571428571429,0.1363636363636367,131.0,70.28571428571429,best_model
DT,decision_tree,filterlists,collinbarrett/FilterLists,16749315602,https://github.com/collinbarrett/FilterLists/actions/runs/16749315602,106.0,106.13636363636364,116.0,106.14285714285714,0.13636363636364024,10.0,0.1428571428571388,best_model
DT,decision_tree,filterlists,collinbarrett/FilterLists,16687733008,https://github.com/collinbarrett/FilterLists/actions/runs/16687733008,106.0,214.10800000000003,107.0,90.57142857142857,108.10800000000003,1.0,15.42857142857143,worst_model
DT,decision_tree,filterlists,collinbarrett/FilterLists,16687731362,https://github.com/collinbarrett/FilterLists/actions/runs/16687731362,107.0,214.10800000000003,110.0,87.71428571428571,107.10800000000003,3.0,19.285714285714292,worst_model
DT,decision_tree,filterlists,collinbarrett/FilterLists,16687729079,https://github.com/collinbarrett/FilterLists/actions/runs/16687729079,110.0,214.10800000000003,27.0,88.28571428571429,104.10800000000003,83.0,21.714285714285708,worst_model
DT,decision_tree,jod,Opetushallitus/jod-yksilo-ui,16211777947,https://github.com/Opetushallitus/jod-yksilo-ui/actions/runs/16211777947,183.0,182.5,323522.0,46376.42857142857,0.5,323339.0,46193.42857142857,best_model
DT,decision_tree,jod,Opetushallitus/jod-yksilo-ui,16213964870,https://github.com/Opetushallitus/jod-yksilo-ui/actions/runs/16213964870,183.0,182.5,183.0,46376.857142857145,0.5,0.0,46193.857142857145,best_model
DT,decision_tree,jod,Opetushallitus/jod-yksilo-ui,16413935015,https://github.com/Opetushallitus/jod-yksilo-ui/actions/runs/16413935015,182.0,182.5,189.0,177.71428571428572,0.5,7.0,4.285714285714278,best_model
DT,decision_tree,jod,Opetushallitus/jod-yksilo-ui,16828534619,https://github.com/Opetushallitus/jod-yksilo-ui/actions/runs/16828534619,1206238.0,96799.75999999957,168.0,171.71428571428572,1109438.2400000005,1206070.0,1206066.2857142857,worst_model
DT,decision_tree,jod,Opetushallitus/jod-yksilo-ui,17095787568,https://github.com/Opetushallitus/jod-yksilo-ui/actions/runs/17095787568,170822.0,96799.75999999957,183.0,178.0,74022.24000000043,170639.0,170644.0,worst_model
DT,decision_tree,jod,Opetushallitus/jod-yksilo-ui,17152365031,https://github.com/Opetushallitus/jod-yksilo-ui/actions/runs/17152365031,4984.0,1145.5,166.0,24554.0,3838.5,4818.0,19570.0,worst_model
DT,decision_tree,m2os,m2Giles/m2os,16406919919,https://github.com/m2Giles/m2os/actions/runs/16406919919,2329.0,2422.3225806451615,1789.0,2109.5714285714284,93.32258064516145,540.0,219.42857142857156,best_model
DT,decision_tree,m2os,m2Giles/m2os,16452013026,https://github.com/m2Giles/m2os/actions/runs/16452013026,3594.0,3460.942857142857,3853.0,2519.4285714285716,133.05714285714294,259.0,1074.5714285714284,best_model
DT,decision_tree,m2os,m2Giles/m2os,16565640610,https://github.com/m2Giles/m2os/actions/runs/16565640610,2208.0,2422.3225806451615,3848.0,3229.0,214.32258064516145,1640.0,1021.0,best_model
DT,decision_tree,m2os,m2Giles/m2os,16901402234,https://github.com/m2Giles/m2os/actions/runs/16901402234,8500.0,3460.942857142857,8283.0,3884.714285714286,5039.057142857143,217.0,4615.285714285714,worst_model
DT,decision_tree,m2os,m2Giles/m2os,16900027590,https://github.com/m2Giles/m2os/actions/runs/16900027590,8283.0,3460.942857142857,5837.0,2975.0,4822.057142857143,2446.0,5308.0,worst_model
DT,decision_tree,m2os,m2Giles/m2os,17112927257,https://github.com/m2Giles/m2os/actions/runs/17112927257,7434.0,3460.942857142857,8500.0,4797.571428571428,3973.057142857143,1066.0,2636.4285714285716,worst_model
DT,decision_tree,orange,Orange-OpenSource/ouds-android,16339109007,https://github.com/Orange-OpenSource/ouds-android/actions/runs/16339109007,959.0,960.6464285714285,1047.0,1105.2857142857142,1.646428571428487,88.0,146.28571428571422,best_model
DT,decision_tree,orange,Orange-OpenSource/ouds-android,16470366278,https://github.com/Orange-OpenSource/ouds-android/actions/runs/16470366278,924.0,930.5357142857143,876.0,1006.5714285714286,6.535714285714334,48.0,82.57142857142856,best_model
DT,decision_tree,orange,Orange-OpenSource/ouds-android,16340019045,https://github.com/Orange-OpenSource/ouds-android/actions/runs/16340019045,938.0,930.5357142857143,841.0,1010.1428571428571,7.464285714285666,97.0,72.14285714285711,best_model
DT,decision_tree,orange,Orange-OpenSource/ouds-android,16744886252,https://github.com/Orange-OpenSource/ouds-android/actions/runs/16744886252,1493.0,592.6451612903226,826.0,1007.7142857142857,900.3548387096774,667.0,485.28571428571433,worst_model
DT,decision_tree,orange,Orange-OpenSource/ouds-android,16351055527,https://github.com/Orange-OpenSource/ouds-android/actions/runs/16351055527,1304.0,626.3595238095238,1001.0,982.1428571428571,677.6404761904762,303.0,321.8571428571429,worst_model
DT,decision_tree,orange,Orange-OpenSource/ouds-android,16602634402,https://github.com/Orange-OpenSource/ouds-android/actions/runs/16602634402,1254.0,626.3595238095238,1046.0,979.1428571428571,627.6404761904762,208.0,274.8571428571429,worst_model
DT,decision_tree,radare2,radareorg/radare2,16154160208,https://github.com/radareorg/radare2/actions/runs/16154160208,2921.0,2921.0,1128.0,2665.8571428571427,0.0,1793.0,255.14285714285734,best_model
DT,decision_tree,radare2,radareorg/radare2,16610231828,https://github.com/radareorg/radare2/actions/runs/16610231828,2924.0,2921.0,1051.0,2042.7142857142858,3.0,1873.0,881.2857142857142,best_model
DT,decision_tree,radare2,radareorg/radare2,17326905002,https://github.com/radareorg/radare2/actions/runs/17326905002,776.0,771.5,771.0,1521.2857142857142,4.5,5.0,745.2857142857142,best_model
DT,decision_tree,radare2,radareorg/radare2,16177243785,https://github.com/radareorg/radare2/actions/runs/16177243785,5152.0,755.0,5698.0,3607.714285714286,4397.0,546.0,1544.2857142857142,worst_model
DT,decision_tree,radare2,radareorg/radare2,16182201971,https://github.com/radareorg/radare2/actions/runs/16182201971,5474.0,1118.0,2710.0,4069.1428571428573,4356.0,2764.0,1404.8571428571427,worst_model
DT,decision_tree,radare2,radareorg/radare2,17243347833,https://github.com/radareorg/radare2/actions/runs/17243347833,5935.0,2099.0,5366.0,2616.285714285714,3836.0,569.0,3318.714285714286,worst_model
DT,decision_tree,rustlang,rust-lang/crates.io,16283081579,https://github.com/rust-lang/crates.io/actions/runs/16283081579,531.0,531.0,487.0,475.42857142857144,0.0,44.0,55.571428571428555,best_model
DT,decision_tree,rustlang,rust-lang/crates.io,16462881917,https://github.com/rust-lang/crates.io/actions/runs/16462881917,531.0,531.0,473.0,502.7142857142857,0.0,58.0,28.285714285714278,best_model
DT,decision_tree,rustlang,rust-lang/crates.io,16041438255,https://github.com/rust-lang/crates.io/actions/runs/16041438255,532.0,531.0,512.0,534.5714285714286,1.0,20.0,2.571428571428555,best_model
DT,decision_tree,rustlang,rust-lang/crates.io,15971371203,https://github.com/rust-lang/crates.io/actions/runs/15971371203,907.0,461.4583333333333,334.0,448.7142857142857,445.5416666666667,573.0,458.2857142857143,worst_model
DT,decision_tree,rustlang,rust-lang/crates.io,16000642136,https://github.com/rust-lang/crates.io/actions/runs/16000642136,651.0,387.94444444444446,353.0,474.14285714285717,263.05555555555554,298.0,176.85714285714283,worst_model
DT,decision_tree,rustlang,rust-lang/crates.io,16831451406,https://github.com/rust-lang/crates.io/actions/runs/16831451406,343.0,579.375,347.0,517.2857142857143,236.375,4.0,174.28571428571433,worst_model
GBR,gradient_boosting,bmad,bmad-sim/bmad-ecosystem,16699817418,https://github.com/bmad-sim/bmad-ecosystem/actions/runs/16699817418,1185.0,1185.3805896141282,1149.0,1145.142857142857,0.3805896141282119,36.0,39.85714285714289,best_model
GBR,gradient_boosting,bmad,bmad-sim/bmad-ecosystem,16734349244,https://github.com/bmad-sim/bmad-ecosystem/actions/runs/16734349244,1123.0,1122.448944044804,1221.0,1131.857142857143,0.5510559551960341,98.0,8.85714285714289,best_model
GBR,gradient_boosting,bmad,bmad-sim/bmad-ecosystem,16898408470,https://github.com/bmad-sim/bmad-ecosystem/actions/runs/16898408470,1148.0,1149.1568992381613,1148.0,1149.5714285714287,1.1568992381612588,0.0,1.5714285714286689,best_model
GBR,gradient_boosting,bmad,bmad-sim/bmad-ecosystem,17220289767,https://github.com/bmad-sim/bmad-ecosystem/actions/runs/17220289767,1235.0,1117.3020865203953,1124.0,1137.0,117.69791347960472,111.0,98.0,worst_model
GBR,gradient_boosting,bmad,bmad-sim/bmad-ecosystem,16870876036,https://github.com/bmad-sim/bmad-ecosystem/actions/runs/16870876036,1257.0,1156.7072625958454,1149.0,1141.142857142857,100.29273740415465,108.0,115.85714285714289,worst_model
GBR,gradient_boosting,bmad,bmad-sim/bmad-ecosystem,17076603505,https://github.com/bmad-sim/bmad-ecosystem/actions/runs/17076603505,1245.0,1146.7467366405,1151.0,1160.2857142857142,98.2532633594999,94.0,84.71428571428578,worst_model
GBR,gradient_boosting,bruce,pr3y/Bruce,15805772491,https://github.com/pr3y/Bruce/actions/runs/15805772491,307.0,304.49211896069585,316.0,340.85714285714283,2.507881039304152,9.0,33.85714285714283,best_model
GBR,gradient_boosting,bruce,pr3y/Bruce,15769346340,https://github.com/pr3y/Bruce/actions/runs/15769346340,316.0,313.33705478709345,412.0,353.42857142857144,2.66294521290655,96.0,37.428571428571445,best_model
GBR,gradient_boosting,bruce,pr3y/Bruce,17328288199,https://github.com/pr3y/Bruce/actions/runs/17328288199,317.0,319.9619433016814,313.0,381.0,2.9619433016814014,4.0,64.0,best_model
GBR,gradient_boosting,bruce,pr3y/Bruce,16963328986,https://github.com/pr3y/Bruce/actions/runs/16963328986,438.0,320.3871397781254,316.0,336.85714285714283,117.6128602218746,122.0,101.14285714285717,worst_model
GBR,gradient_boosting,bruce,pr3y/Bruce,17153957122,https://github.com/pr3y/Bruce/actions/runs/17153957122,434.0,328.14046025122826,409.0,374.2857142857143,105.85953974877174,25.0,59.71428571428572,worst_model
GBR,gradient_boosting,bruce,pr3y/Bruce,16200244216,https://github.com/pr3y/Bruce/actions/runs/16200244216,436.0,333.4013569297952,329.0,328.7142857142857,102.59864307020479,107.0,107.28571428571428,worst_model
GBR,gradient_boosting,ccpay,hmcts/ccpay-payment-app,16624402734,https://github.com/hmcts/ccpay-payment-app/actions/runs/16624402734,337.0,337.27595373702474,337.0,335.14285714285717,0.2759537370247358,0.0,1.8571428571428328,best_model
GBR,gradient_boosting,ccpay,hmcts/ccpay-payment-app,16564270830,https://github.com/hmcts/ccpay-payment-app/actions/runs/16564270830,342.0,340.2490524953602,313.0,333.85714285714283,1.7509475046397824,29.0,8.142857142857167,best_model
GBR,gradient_boosting,ccpay,hmcts/ccpay-payment-app,16571128161,https://github.com/hmcts/ccpay-payment-app/actions/runs/16571128161,337.0,338.8240593715114,313.0,328.0,1.824059371511396,24.0,9.0,best_model
GBR,gradient_boosting,ccpay,hmcts/ccpay-payment-app,16624406460,https://github.com/hmcts/ccpay-payment-app/actions/runs/16624406460,416.0,332.70477528063077,311.0,329.85714285714283,83.29522471936923,105.0,86.14285714285717,worst_model
GBR,gradient_boosting,ccpay,hmcts/ccpay-payment-app,16565220137,https://github.com/hmcts/ccpay-payment-app/actions/runs/16565220137,397.0,336.1937661035277,353.0,332.57142857142856,60.80623389647229,44.0,64.42857142857144,worst_model
GBR,gradient_boosting,ccpay,hmcts/ccpay-payment-app,16624410978,https://github.com/hmcts/ccpay-payment-app/actions/runs/16624410978,301.0,351.5759350677702,416.0,345.42857142857144,50.57593506777022,115.0,44.428571428571445,worst_model
GBR,gradient_boosting,daos,daos-stack/daos,20483107231,https://github.com/daos-stack/daos/actions/runs/20483107231,2490.0,2489.530720736907,1645.0,2248.285714285714,0.4692792630930853,845.0,241.71428571428578,best_model
GBR,gradient_boosting,daos,daos-stack/daos,20515119541,https://github.com/daos-stack/daos/actions/runs/20515119541,2447.0,2448.5080905826476,1750.0,2368.8571428571427,1.5080905826475828,697.0,78.14285714285734,best_model
GBR,gradient_boosting,daos,daos-stack/daos,20013550295,https://github.com/daos-stack/daos/actions/runs/20013550295,2482.0,2477.683446046803,2618.0,2377.4285714285716,4.316553953196944,136.0,104.57142857142844,best_model
GBR,gradient_boosting,daos,daos-stack/daos,19942358272,https://github.com/daos-stack/daos/actions/runs/19942358272,7964.0,3145.128232668047,3560.0,4389.714285714285,4818.871767331953,4404.0,3574.2857142857147,worst_model
GBR,gradient_boosting,daos,daos-stack/daos,19711730134,https://github.com/daos-stack/daos/actions/runs/19711730134,8038.0,3424.901230382955,3023.0,4191.285714285715,4613.098769617045,5015.0,3846.7142857142853,worst_model
GBR,gradient_boosting,daos,daos-stack/daos,20080538087,https://github.com/daos-stack/daos/actions/runs/20080538087,7264.0,2779.739192297099,3327.0,2586.8571428571427,4484.260807702901,3937.0,4677.142857142857,worst_model
GBR,gradient_boosting,filterlists,collinbarrett/FilterLists,16877847659,https://github.com/collinbarrett/FilterLists/actions/runs/16877847659,84.0,84.17158094190697,108.0,96.28571428571429,0.17158094190696715,24.0,12.285714285714292,best_model
GBR,gradient_boosting,filterlists,collinbarrett/FilterLists,16971990819,https://github.com/collinbarrett/FilterLists/actions/runs/16971990819,27.0,27.200135443722235,116.0,100.0,0.20013544372223535,89.0,73.0,best_model
GBR,gradient_boosting,filterlists,collinbarrett/FilterLists,16760128166,https://github.com/collinbarrett/FilterLists/actions/runs/16760128166,135.0,135.23944118708047,93.0,105.85714285714286,0.23944118708047313,42.0,29.14285714285714,best_model
GBR,gradient_boosting,filterlists,collinbarrett/FilterLists,16622680257,https://github.com/collinbarrett/FilterLists/actions/runs/16622680257,219.0,139.26286352418833,86.0,95.14285714285714,79.73713647581167,133.0,123.85714285714286,worst_model
GBR,gradient_boosting,filterlists,collinbarrett/FilterLists,16813170564,https://github.com/collinbarrett/FilterLists/actions/runs/16813170564,105.0,157.00781693322725,90.0,112.28571428571429,52.00781693322725,15.0,7.285714285714292,worst_model
GBR,gradient_boosting,filterlists,collinbarrett/FilterLists,16622686256,https://github.com/collinbarrett/FilterLists/actions/runs/16622686256,205.0,155.40069025926405,219.0,111.14285714285714,49.59930974073595,14.0,93.85714285714286,worst_model
GBR,gradient_boosting,jod,Opetushallitus/jod-yksilo-ui,17034105012,https://github.com/Opetushallitus/jod-yksilo-ui/actions/runs/17034105012,185.0,193.60216349682327,160.0,169.71428571428572,8.602163496823266,25.0,15.285714285714278,best_model
GBR,gradient_boosting,jod,Opetushallitus/jod-yksilo-ui,16621763127,https://github.com/Opetushallitus/jod-yksilo-ui/actions/runs/16621763127,174.0,187.94474755075996,174.0,181.42857142857142,13.944747550759956,0.0,7.428571428571416,best_model
GBR,gradient_boosting,jod,Opetushallitus/jod-yksilo-ui,16622406552,https://github.com/Opetushallitus/jod-yksilo-ui/actions/runs/16622406552,184.0,240.77131398617843,174.0,180.85714285714286,56.77131398617843,10.0,3.142857142857139,best_model
GBR,gradient_boosting,jod,Opetushallitus/jod-yksilo-ui,16828534619,https://github.com/Opetushallitus/jod-yksilo-ui/actions/runs/16828534619,1206238.0,70671.33138187745,168.0,171.71428571428572,1135566.6686181226,1206070.0,1206066.2857142857,worst_model
GBR,gradient_boosting,jod,Opetushallitus/jod-yksilo-ui,17095787568,https://github.com/Opetushallitus/jod-yksilo-ui/actions/runs/17095787568,170822.0,75317.07492631409,183.0,178.0,95504.92507368591,170639.0,170644.0,worst_model
GBR,gradient_boosting,jod,Opetushallitus/jod-yksilo-ui,16521523561,https://github.com/Opetushallitus/jod-yksilo-ui/actions/runs/16521523561,173.0,7424.583384800678,176.0,186.0,7251.583384800678,3.0,13.0,worst_model
GBR,gradient_boosting,m2os,m2Giles/m2os,17252591712,https://github.com/m2Giles/m2os/actions/runs/17252591712,2207.0,2337.766131783821,1928.0,2085.285714285714,130.76613178382104,279.0,121.71428571428578,best_model
GBR,gradient_boosting,m2os,m2Giles/m2os,17196648601,https://github.com/m2Giles/m2os/actions/runs/17196648601,2064.0,2240.335161519326,2074.0,1948.857142857143,176.335161519326,10.0,115.14285714285711,best_model
GBR,gradient_boosting,m2os,m2Giles/m2os,16396285024,https://github.com/m2Giles/m2os/actions/runs/16396285024,1998.0,2205.59384658855,3145.0,2869.285714285714,207.59384658855015,1147.0,871.2857142857142,best_model
GBR,gradient_boosting,m2os,m2Giles/m2os,16900027590,https://github.com/m2Giles/m2os/actions/runs/16900027590,8283.0,4713.880376804708,5837.0,2975.0,3569.1196231952918,2446.0,5308.0,worst_model
GBR,gradient_boosting,m2os,m2Giles/m2os,16901402234,https://github.com/m2Giles/m2os/actions/runs/16901402234,8500.0,5242.18357475944,8283.0,3884.714285714286,3257.8164252405604,217.0,4615.285714285714,worst_model
GBR,gradient_boosting,m2os,m2Giles/m2os,17112927257,https://github.com/m2Giles/m2os/actions/runs/17112927257,7434.0,4819.854015400533,8500.0,4797.571428571428,2614.145984599467,1066.0,2636.4285714285716,worst_model
GBR,gradient_boosting,orange,Orange-OpenSource/ouds-android,16525274679,https://github.com/Orange-OpenSource/ouds-android/actions/runs/16525274679,973.0,973.1710958391636,853.0,945.7142857142857,0.1710958391636268,120.0,27.285714285714334,best_model
GBR,gradient_boosting,orange,Orange-OpenSource/ouds-android,16470366278,https://github.com/Orange-OpenSource/ouds-android/actions/runs/16470366278,924.0,925.274296355674,876.0,1006.5714285714286,1.2742963556739824,48.0,82.57142857142856,best_model
GBR,gradient_boosting,orange,Orange-OpenSource/ouds-android,16810174125,https://github.com/Orange-OpenSource/ouds-android/actions/runs/16810174125,899.0,894.8108909368616,1028.0,973.0,4.189109063138403,129.0,74.0,best_model
GBR,gradient_boosting,orange,Orange-OpenSource/ouds-android,16744886252,https://github.com/Orange-OpenSource/ouds-android/actions/runs/16744886252,1493.0,839.2225353402348,826.0,1007.7142857142857,653.7774646597652,667.0,485.28571428571433,worst_model
GBR,gradient_boosting,orange,Orange-OpenSource/ouds-android,16578582926,https://github.com/Orange-OpenSource/ouds-android/actions/runs/16578582926,1374.0,956.5766063926372,1039.0,982.0,417.42339360736275,335.0,392.0,worst_model
GBR,gradient_boosting,orange,Orange-OpenSource/ouds-android,17276340744,https://github.com/Orange-OpenSource/ouds-android/actions/runs/17276340744,1223.0,848.4715008729893,1122.0,927.5714285714286,374.5284991270107,101.0,295.42857142857144,worst_model
GBR,gradient_boosting,radare2,radareorg/radare2,16201897179,https://github.com/radareorg/radare2/actions/runs/16201897179,1670.0,1678.8695879541358,4363.0,4147.428571428572,8.869587954135795,2693.0,2477.4285714285716,best_model
GBR,gradient_boosting,radare2,radareorg/radare2,16597205648,https://github.com/radareorg/radare2/actions/runs/16597205648,993.0,973.9838318409494,2145.0,1814.142857142857,19.016168159050608,1152.0,821.1428571428571,best_model
GBR,gradient_boosting,radare2,radareorg/radare2,16703653690,https://github.com/radareorg/radare2/actions/runs/16703653690,2521.0,2489.0688623752617,2308.0,2474.714285714286,31.931137624738312,213.0,46.28571428571422,best_model
GBR,gradient_boosting,radare2,radareorg/radare2,16177243785,https://github.com/radareorg/radare2/actions/runs/16177243785,5152.0,1255.4305066105612,5698.0,3607.714285714286,3896.569493389439,546.0,1544.2857142857142,worst_model
GBR,gradient_boosting,radare2,radareorg/radare2,16182201971,https://github.com/radareorg/radare2/actions/runs/16182201971,5474.0,1600.6040313797214,2710.0,4069.1428571428573,3873.395968620279,2764.0,1404.8571428571427,worst_model
GBR,gradient_boosting,radare2,radareorg/radare2,17243347833,https://github.com/radareorg/radare2/actions/runs/17243347833,5935.0,2249.9033175184472,5366.0,2616.285714285714,3685.0966824815528,569.0,3318.714285714286,worst_model
GBR,gradient_boosting,rustlang,rust-lang/crates.io,16368175302,https://github.com/rust-lang/crates.io/actions/runs/16368175302,517.0,517.36238075686,515.0,498.0,0.3623807568600341,2.0,19.0,best_model
GBR,gradient_boosting,rustlang,rust-lang/crates.io,16076525470,https://github.com/rust-lang/crates.io/actions/runs/16076525470,514.0,514.499726975432,330.0,470.57142857142856,0.49972697543205413,184.0,43.428571428571445,best_model
GBR,gradient_boosting,rustlang,rust-lang/crates.io,16089238268,https://github.com/rust-lang/crates.io/actions/runs/16089238268,495.0,495.6868012920582,493.0,507.0,0.6868012920581918,2.0,12.0,best_model
GBR,gradient_boosting,rustlang,rust-lang/crates.io,15971371203,https://github.com/rust-lang/crates.io/actions/runs/15971371203,907.0,433.6644516983354,334.0,448.7142857142857,473.3355483016646,573.0,458.2857142857143,worst_model
GBR,gradient_boosting,rustlang,rust-lang/crates.io,16117493586,https://github.com/rust-lang/crates.io/actions/runs/16117493586,323.0,619.4736849385721,535.0,499.14285714285717,296.4736849385721,212.0,176.14285714285717,worst_model
GBR,gradient_boosting,rustlang,rust-lang/crates.io,16089747756,https://github.com/rust-lang/crates.io/actions/runs/16089747756,330.0,621.7868519283336,453.0,495.42857142857144,291.7868519283336,123.0,165.42857142857144,worst_model
LGBM,lightgbm,bmad,bmad-sim/bmad-ecosystem,17060814448,https://github.com/bmad-sim/bmad-ecosystem/actions/runs/17060814448,1134.0,1131.4502489593872,1160.0,1144.857142857143,2.5497510406128185,26.0,10.85714285714289,best_model
LGBM,lightgbm,bmad,bmad-sim/bmad-ecosystem,16865398570,https://github.com/bmad-sim/bmad-ecosystem/actions/runs/16865398570,1140.0,1137.295809391072,1128.0,1152.2857142857142,2.704190608928002,12.0,12.28571428571422,best_model
LGBM,lightgbm,bmad,bmad-sim/bmad-ecosystem,17246502873,https://github.com/bmad-sim/bmad-ecosystem/actions/runs/17246502873,1138.0,1134.7125161231752,1145.0,1147.857142857143,3.2874838768248082,7.0,9.85714285714289,best_model
LGBM,lightgbm,bmad,bmad-sim/bmad-ecosystem,17220289767,https://github.com/bmad-sim/bmad-ecosystem/actions/runs/17220289767,1235.0,1098.5998485362024,1124.0,1137.0,136.40015146379756,111.0,98.0,worst_model
LGBM,lightgbm,bmad,bmad-sim/bmad-ecosystem,17076603505,https://github.com/bmad-sim/bmad-ecosystem/actions/runs/17076603505,1245.0,1140.1208955684435,1151.0,1160.2857142857142,104.87910443155647,94.0,84.71428571428578,worst_model
LGBM,lightgbm,bmad,bmad-sim/bmad-ecosystem,16870876036,https://github.com/bmad-sim/bmad-ecosystem/actions/runs/16870876036,1257.0,1152.2275986176587,1149.0,1141.142857142857,104.77240138234129,108.0,115.85714285714289,worst_model
LGBM,lightgbm,bruce,pr3y/Bruce,15637723706,https://github.com/pr3y/Bruce/actions/runs/15637723706,318.0,318.522487409488,398.0,367.2857142857143,0.5224874094880079,80.0,49.28571428571428,best_model
LGBM,lightgbm,bruce,pr3y/Bruce,15662772326,https://github.com/pr3y/Bruce/actions/runs/15662772326,306.0,305.18245289329997,319.0,335.0,0.817547106700033,13.0,29.0,best_model
LGBM,lightgbm,bruce,pr3y/Bruce,16282605847,https://github.com/pr3y/Bruce/actions/runs/16282605847,310.0,308.93804471605733,302.0,373.0,1.061955283942666,8.0,63.0,best_model
LGBM,lightgbm,bruce,pr3y/Bruce,17174086606,https://github.com/pr3y/Bruce/actions/runs/17174086606,431.0,302.31947966961366,424.0,410.14285714285717,128.68052033038634,7.0,20.857142857142833,worst_model
LGBM,lightgbm,bruce,pr3y/Bruce,16968068405,https://github.com/pr3y/Bruce/actions/runs/16968068405,426.0,311.4821464088607,438.0,355.7142857142857,114.51785359113933,12.0,70.28571428571428,worst_model
LGBM,lightgbm,bruce,pr3y/Bruce,16963328986,https://github.com/pr3y/Bruce/actions/runs/16963328986,438.0,328.57069051011496,316.0,336.85714285714283,109.42930948988504,122.0,101.14285714285717,worst_model
LGBM,lightgbm,ccpay,hmcts/ccpay-payment-app,16564270830,https://github.com/hmcts/ccpay-payment-app/actions/runs/16564270830,342.0,341.6351348608614,313.0,333.85714285714283,0.3648651391386011,29.0,8.142857142857167,best_model
LGBM,lightgbm,ccpay,hmcts/ccpay-payment-app,16805078426,https://github.com/hmcts/ccpay-payment-app/actions/runs/16805078426,337.0,337.4921977215651,329.0,321.57142857142856,0.49219772156510544,8.0,15.428571428571445,best_model
LGBM,lightgbm,ccpay,hmcts/ccpay-payment-app,16600647936,https://github.com/hmcts/ccpay-payment-app/actions/runs/16600647936,339.0,339.5165104419299,309.0,335.7142857142857,0.5165104419298814,30.0,3.2857142857142776,best_model
LGBM,lightgbm,ccpay,hmcts/ccpay-payment-app,16624406460,https://github.com/hmcts/ccpay-payment-app/actions/runs/16624406460,416.0,332.0062984337254,311.0,329.85714285714283,83.99370156627458,105.0,86.14285714285717,worst_model
LGBM,lightgbm,ccpay,hmcts/ccpay-payment-app,16565220137,https://github.com/hmcts/ccpay-payment-app/actions/runs/16565220137,397.0,332.9456653505359,353.0,332.57142857142856,64.05433464946412,44.0,64.42857142857144,worst_model
LGBM,lightgbm,ccpay,hmcts/ccpay-payment-app,16600592471,https://github.com/hmcts/ccpay-payment-app/actions/runs/16600592471,390.0,340.11592737889947,329.0,327.57142857142856,49.88407262110053,61.0,62.428571428571445,worst_model
LGBM,lightgbm,daos,daos-stack/daos,19634197206,https://github.com/daos-stack/daos/actions/runs/19634197206,2389.0,2390.2616474248553,2431.0,2359.5714285714284,1.261647424855255,42.0,29.42857142857156,best_model
LGBM,lightgbm,daos,daos-stack/daos,20078221060,https://github.com/daos-stack/daos/actions/runs/20078221060,2503.0,2500.9632094871117,2506.0,2419.8571428571427,2.036790512888274,3.0,83.14285714285734,best_model
LGBM,lightgbm,daos,daos-stack/daos,20496269134,https://github.com/daos-stack/daos/actions/runs/20496269134,2455.0,2457.3394076271593,2447.0,2232.8571428571427,2.3394076271592894,8.0,222.14285714285734,best_model
LGBM,lightgbm,daos,daos-stack/daos,19942358272,https://github.com/daos-stack/daos/actions/runs/19942358272,7964.0,2874.1774497739134,3560.0,4389.714285714285,5089.822550226087,4404.0,3574.2857142857147,worst_model
LGBM,lightgbm,daos,daos-stack/daos,19711730134,https://github.com/daos-stack/daos/actions/runs/19711730134,8038.0,3111.7442681674756,3023.0,4191.285714285715,4926.255731832524,5015.0,3846.7142857142853,worst_model
LGBM,lightgbm,daos,daos-stack/daos,20080538087,https://github.com/daos-stack/daos/actions/runs/20080538087,7264.0,2684.5272243006593,3327.0,2586.8571428571427,4579.472775699341,3937.0,4677.142857142857,worst_model
LGBM,lightgbm,filterlists,collinbarrett/FilterLists,16914458554,https://github.com/collinbarrett/FilterLists/actions/runs/16914458554,29.0,29.129891131268693,124.0,116.42857142857143,0.12989113126869256,95.0,87.42857142857143,best_model
LGBM,lightgbm,filterlists,collinbarrett/FilterLists,16914545583,https://github.com/collinbarrett/FilterLists/actions/runs/16914545583,28.0,28.20373635314033,104.0,90.14285714285714,0.20373635314032867,76.0,62.14285714285714,best_model
LGBM,lightgbm,filterlists,collinbarrett/FilterLists,16876785807,https://github.com/collinbarrett/FilterLists/actions/runs/16876785807,91.0,91.29356679679626,117.0,95.57142857142857,0.29356679679625586,26.0,4.571428571428569,best_model
LGBM,lightgbm,filterlists,collinbarrett/FilterLists,16622680257,https://github.com/collinbarrett/FilterLists/actions/runs/16622680257,219.0,150.56825648001453,86.0,95.14285714285714,68.43174351998547,133.0,123.85714285714286,worst_model
LGBM,lightgbm,filterlists,collinbarrett/FilterLists,16622686256,https://github.com/collinbarrett/FilterLists/actions/runs/16622686256,205.0,137.86272143127002,219.0,111.14285714285714,67.13727856872998,14.0,93.85714285714286,worst_model
LGBM,lightgbm,filterlists,collinbarrett/FilterLists,16813170564,https://github.com/collinbarrett/FilterLists/actions/runs/16813170564,105.0,158.1867281471851,90.0,112.28571428571429,53.18672814718511,15.0,7.285714285714292,worst_model
LGBM,lightgbm,jod,Opetushallitus/jod-yksilo-ui,17229474939,https://github.com/Opetushallitus/jod-yksilo-ui/actions/runs/17229474939,172.0,172.73980341423314,196.0,863.5714285714286,0.7398034142331369,24.0,691.5714285714286,best_model
LGBM,lightgbm,jod,Opetushallitus/jod-yksilo-ui,16674951680,https://github.com/Opetushallitus/jod-yksilo-ui/actions/runs/16674951680,190.0,190.8808377000937,184.0,179.42857142857142,0.8808377000937071,6.0,10.571428571428584,best_model
LGBM,lightgbm,jod,Opetushallitus/jod-yksilo-ui,17035718201,https://github.com/Opetushallitus/jod-yksilo-ui/actions/runs/17035718201,170.0,168.17843690412425,167.0,172.42857142857142,1.8215630958757458,3.0,2.4285714285714164,best_model
LGBM,lightgbm,jod,Opetushallitus/jod-yksilo-ui,16828534619,https://github.com/Opetushallitus/jod-yksilo-ui/actions/runs/16828534619,1206238.0,42713.97244853479,168.0,171.71428571428572,1163524.0275514652,1206070.0,1206066.2857142857,worst_model
LGBM,lightgbm,jod,Opetushallitus/jod-yksilo-ui,17095787568,https://github.com/Opetushallitus/jod-yksilo-ui/actions/runs/17095787568,170822.0,35042.58137286089,183.0,178.0,135779.41862713912,170639.0,170644.0,worst_model
LGBM,lightgbm,jod,Opetushallitus/jod-yksilo-ui,17152365031,https://github.com/Opetushallitus/jod-yksilo-ui/actions/runs/17152365031,4984.0,601.4587117357602,166.0,24554.0,4382.5412882642395,4818.0,19570.0,worst_model
LGBM,lightgbm,m2os,m2Giles/m2os,17179806130,https://github.com/m2Giles/m2os/actions/runs/17179806130,1948.0,1877.5045836092079,7434.0,5585.571428571428,70.49541639079212,5486.0,3637.5714285714284,best_model
LGBM,lightgbm,m2os,m2Giles/m2os,17196648601,https://github.com/m2Giles/m2os/actions/runs/17196648601,2064.0,2139.971516929288,2074.0,1948.857142857143,75.9715169292881,10.0,115.14285714285711,best_model
LGBM,lightgbm,m2os,m2Giles/m2os,16406920598,https://github.com/m2Giles/m2os/actions/runs/16406920598,3555.0,3649.43735146754,2329.0,2156.4285714285716,94.43735146753988,1226.0,1398.5714285714284,best_model
LGBM,lightgbm,m2os,m2Giles/m2os,16901402234,https://github.com/m2Giles/m2os/actions/runs/16901402234,8500.0,5661.736668093818,8283.0,3884.714285714286,2838.2633319061824,217.0,4615.285714285714,worst_model
LGBM,lightgbm,m2os,m2Giles/m2os,17112927257,https://github.com/m2Giles/m2os/actions/runs/17112927257,7434.0,4680.304758136624,8500.0,4797.571428571428,2753.6952418633764,1066.0,2636.4285714285716,worst_model
LGBM,lightgbm,m2os,m2Giles/m2os,16900027590,https://github.com/m2Giles/m2os/actions/runs/16900027590,8283.0,5587.530536120321,5837.0,2975.0,2695.469463879679,2446.0,5308.0,worst_model
LGBM,lightgbm,orange,Orange-OpenSource/ouds-android,16470366278,https://github.com/Orange-OpenSource/ouds-android/actions/runs/16470366278,924.0,924.0694789153641,876.0,1006.5714285714286,0.06947891536412953,48.0,82.57142857142856,best_model
LGBM,lightgbm,orange,Orange-OpenSource/ouds-android,16729509090,https://github.com/Orange-OpenSource/ouds-android/actions/runs/16729509090,826.0,829.0801258902648,971.0,1007.2857142857143,3.0801258902647533,145.0,181.28571428571433,best_model
LGBM,lightgbm,orange,Orange-OpenSource/ouds-android,16725624705,https://github.com/Orange-OpenSource/ouds-android/actions/runs/16725624705,847.0,850.1354628903393,1100.0,987.0,3.1354628903393404,253.0,140.0,best_model
LGBM,lightgbm,orange,Orange-OpenSource/ouds-android,16744886252,https://github.com/Orange-OpenSource/ouds-android/actions/runs/16744886252,1493.0,771.5234079104735,826.0,1007.7142857142857,721.4765920895265,667.0,485.28571428571433,worst_model
LGBM,lightgbm,orange,Orange-OpenSource/ouds-android,16770567474,https://github.com/Orange-OpenSource/ouds-android/actions/runs/16770567474,1253.0,826.3036265936337,1145.0,1028.0,426.6963734063663,108.0,225.0,worst_model
LGBM,lightgbm,orange,Orange-OpenSource/ouds-android,17276340744,https://github.com/Orange-OpenSource/ouds-android/actions/runs/17276340744,1223.0,805.4599147301016,1122.0,927.5714285714286,417.54008526989844,101.0,295.42857142857144,worst_model
LGBM,lightgbm,radare2,radareorg/radare2,16963248863,https://github.com/radareorg/radare2/actions/runs/16963248863,2324.0,2323.2994196250074,955.0,1160.857142857143,0.700580374992569,1369.0,1163.142857142857,best_model
LGBM,lightgbm,radare2,radareorg/radare2,16222178222,https://github.com/radareorg/radare2/actions/runs/16222178222,1078.0,1078.805062684683,3404.0,2518.1428571428573,0.80506268468298,2326.0,1440.1428571428573,best_model
LGBM,lightgbm,radare2,radareorg/radare2,16916073200,https://github.com/radareorg/radare2/actions/runs/16916073200,947.0,940.4734449750854,2644.0,3443.4285714285716,6.5265550249146145,1697.0,2496.4285714285716,best_model
LGBM,lightgbm,radare2,radareorg/radare2,17243347833,https://github.com/radareorg/radare2/actions/runs/17243347833,5935.0,1830.0744570299987,5366.0,2616.285714285714,4104.9255429700015,569.0,3318.714285714286,worst_model
LGBM,lightgbm,radare2,radareorg/radare2,16177243785,https://github.com/radareorg/radare2/actions/runs/16177243785,5152.0,1102.6568508487976,5698.0,3607.714285714286,4049.3431491512024,546.0,1544.2857142857142,worst_model
LGBM,lightgbm,radare2,radareorg/radare2,16182201971,https://github.com/radareorg/radare2/actions/runs/16182201971,5474.0,1536.4385538099477,2710.0,4069.1428571428573,3937.5614461900523,2764.0,1404.8571428571427,worst_model
LGBM,lightgbm,rustlang,rust-lang/crates.io,16255366073,https://github.com/rust-lang/crates.io/actions/runs/16255366073,343.0,343.10870755397525,326.0,481.0,0.10870755397525045,17.0,138.0,best_model
LGBM,lightgbm,rustlang,rust-lang/crates.io,16488986084,https://github.com/rust-lang/crates.io/actions/runs/16488986084,461.0,460.8814106056784,500.0,491.85714285714283,0.11858939432158877,39.0,30.857142857142833,best_model
LGBM,lightgbm,rustlang,rust-lang/crates.io,16023544000,https://github.com/rust-lang/crates.io/actions/runs/16023544000,321.0,320.8625108416368,546.0,528.1428571428571,0.1374891583632234,225.0,207.1428571428571,best_model
LGBM,lightgbm,rustlang,rust-lang/crates.io,15971371203,https://github.com/rust-lang/crates.io/actions/runs/15971371203,907.0,443.94019276641575,334.0,448.7142857142857,463.05980723358425,573.0,458.2857142857143,worst_model
LGBM,lightgbm,rustlang,rust-lang/crates.io,16089747756,https://github.com/rust-lang/crates.io/actions/runs/16089747756,330.0,624.2785163992579,453.0,495.42857142857144,294.2785163992579,123.0,165.42857142857144,worst_model
LGBM,lightgbm,rustlang,rust-lang/crates.io,16117493586,https://github.com/rust-lang/crates.io/actions/runs/16117493586,323.0,608.947446458653,535.0,499.14285714285717,285.94744645865296,212.0,176.14285714285717,worst_model
RF,random_forest,bmad,bmad-sim/bmad-ecosystem,16818200706,https://github.com/bmad-sim/bmad-ecosystem/actions/runs/16818200706,1112.0,1111.777777777757,1165.0,1155.2857142857142,0.22222222224309007,53.0,43.28571428571422,best_model
RF,random_forest,bmad,bmad-sim/bmad-ecosystem,17180389508,https://github.com/bmad-sim/bmad-ecosystem/actions/runs/17180389508,1113.0,1111.777777777757,1191.0,1155.4285714285713,1.22222222224309,78.0,42.42857142857133,best_model
RF,random_forest,bmad,bmad-sim/bmad-ecosystem,17075600703,https://github.com/bmad-sim/bmad-ecosystem/actions/runs/17075600703,1138.0,1139.6000000000179,1211.0,1168.0,1.6000000000178716,73.0,30.0,best_model
RF,random_forest,bmad,bmad-sim/bmad-ecosystem,17184583649,https://github.com/bmad-sim/bmad-ecosystem/actions/runs/17184583649,1099.0,1254.1277777777896,1161.0,1138.0,155.12777777778956,62.0,39.0,worst_model
RF,random_forest,bmad,bmad-sim/bmad-ecosystem,16732721367,https://github.com/bmad-sim/bmad-ecosystem/actions/runs/16732721367,1221.0,1086.4615384615188,1113.0,1124.5714285714287,134.53846153848122,108.0,96.42857142857133,worst_model
RF,random_forest,bmad,bmad-sim/bmad-ecosystem,16897356510,https://github.com/bmad-sim/bmad-ecosystem/actions/runs/16897356510,1126.0,1254.1277777777896,1178.0,1158.7142857142858,128.12777777778956,52.0,32.71428571428578,worst_model
RF,random_forest,bruce,pr3y/Bruce,15662742509,https://github.com/pr3y/Bruce/actions/runs/15662742509,319.0,318.7800448286652,317.0,347.2857142857143,0.2199551713347887,2.0,28.285714285714278,best_model
RF,random_forest,bruce,pr3y/Bruce,15935149443,https://github.com/pr3y/Bruce/actions/runs/15935149443,330.0,329.4525982718755,338.0,336.0,0.5474017281244983,8.0,6.0,best_model
RF,random_forest,bruce,pr3y/Bruce,16282605847,https://github.com/pr3y/Bruce/actions/runs/16282605847,310.0,312.44555557762175,302.0,373.0,2.4455555776217466,8.0,63.0,best_model
RF,random_forest,bruce,pr3y/Bruce,16963328986,https://github.com/pr3y/Bruce/actions/runs/16963328986,438.0,325.1003140179767,316.0,336.85714285714283,112.8996859820233,122.0,101.14285714285717,worst_model
RF,random_forest,bruce,pr3y/Bruce,16226295126,https://github.com/pr3y/Bruce/actions/runs/16226295126,441.0,333.61057146334235,436.0,345.85714285714283,107.38942853665765,5.0,95.14285714285717,worst_model
RF,random_forest,bruce,pr3y/Bruce,16200244216,https://github.com/pr3y/Bruce/actions/runs/16200244216,436.0,337.1125321285141,329.0,328.7142857142857,98.88746787148591,107.0,107.28571428571428,worst_model
RF,random_forest,ccpay,hmcts/ccpay-payment-app,16744672678,https://github.com/hmcts/ccpay-payment-app/actions/runs/16744672678,333.0,332.63056977947116,328.0,336.85714285714283,0.3694302205288409,5.0,3.857142857142833,best_model
RF,random_forest,ccpay,hmcts/ccpay-payment-app,16805032574,https://github.com/hmcts/ccpay-payment-app/actions/runs/16805032574,338.0,336.7699990808406,306.0,338.2857142857143,1.2300009191594086,32.0,0.2857142857142776,best_model
RF,random_forest,ccpay,hmcts/ccpay-payment-app,16624402734,https://github.com/hmcts/ccpay-payment-app/actions/runs/16624402734,337.0,335.59245858261795,337.0,335.14285714285717,1.407541417382049,0.0,1.8571428571428328,best_model
RF,random_forest,ccpay,hmcts/ccpay-payment-app,16624406460,https://github.com/hmcts/ccpay-payment-app/actions/runs/16624406460,416.0,331.8597179595249,311.0,329.85714285714283,84.14028204047509,105.0,86.14285714285717,worst_model
RF,random_forest,ccpay,hmcts/ccpay-payment-app,16565220137,https://github.com/hmcts/ccpay-payment-app/actions/runs/16565220137,397.0,337.8426376036833,353.0,332.57142857142856,59.15736239631673,44.0,64.42857142857144,worst_model
RF,random_forest,ccpay,hmcts/ccpay-payment-app,16600592471,https://github.com/hmcts/ccpay-payment-app/actions/runs/16600592471,390.0,337.1644854443719,329.0,327.57142857142856,52.835514555628095,61.0,62.428571428571445,worst_model
RF,random_forest,daos,daos-stack/daos,19688482581,https://github.com/daos-stack/daos/actions/runs/19688482581,2403.0,2402.973859841898,1628.0,2571.4285714285716,0.026140158101952693,775.0,168.42857142857156,best_model
RF,random_forest,daos,daos-stack/daos,20291725277,https://github.com/daos-stack/daos/actions/runs/20291725277,2484.0,2483.023693695219,2624.0,5636.571428571428,0.9763063047807918,140.0,3152.5714285714284,best_model
RF,random_forest,daos,daos-stack/daos,20095465900,https://github.com/daos-stack/daos/actions/runs/20095465900,2372.0,2370.7331872686495,2399.0,2596.1428571428573,1.2668127313504556,27.0,224.14285714285734,best_model
RF,random_forest,daos,daos-stack/daos,19942358272,https://github.com/daos-stack/daos/actions/runs/19942358272,7964.0,2444.3132984911176,3560.0,4389.714285714285,5519.686701508883,4404.0,3574.2857142857147,worst_model
RF,random_forest,daos,daos-stack/daos,19711730134,https://github.com/daos-stack/daos/actions/runs/19711730134,8038.0,2708.9392900628955,3023.0,4191.285714285715,5329.060709937105,5015.0,3846.7142857142853,worst_model
RF,random_forest,daos,daos-stack/daos,20080538087,https://github.com/daos-stack/daos/actions/runs/20080538087,7264.0,2417.689196219678,3327.0,2586.8571428571427,4846.310803780322,3937.0,4677.142857142857,worst_model
RF,random_forest,filterlists,collinbarrett/FilterLists,16668483322,https://github.com/collinbarrett/FilterLists/actions/runs/16668483322,87.0,87.07856362340057,114.0,104.71428571428571,0.07856362340056933,27.0,17.714285714285708,best_model
RF,random_forest,filterlists,collinbarrett/FilterLists,16971990785,https://github.com/collinbarrett/FilterLists/actions/runs/16971990785,116.0,116.34317253930723,117.0,87.42857142857143,0.3431725393072327,1.0,28.57142857142857,best_model
RF,random_forest,filterlists,collinbarrett/FilterLists,16912701413,https://github.com/collinbarrett/FilterLists/actions/runs/16912701413,100.0,99.62244613306306,130.0,109.14285714285714,0.3775538669369354,30.0,9.142857142857139,best_model
RF,random_forest,filterlists,collinbarrett/FilterLists,16622680257,https://github.com/collinbarrett/FilterLists/actions/runs/16622680257,219.0,134.78862629929827,86.0,95.14285714285714,84.21137370070173,133.0,123.85714285714286,worst_model
RF,random_forest,filterlists,collinbarrett/FilterLists,16813068759,https://github.com/collinbarrett/FilterLists/actions/runs/16813068759,189.0,133.84235577319967,90.0,94.57142857142857,55.15764422680033,99.0,94.42857142857143,worst_model
RF,random_forest,filterlists,collinbarrett/FilterLists,16622686256,https://github.com/collinbarrett/FilterLists/actions/runs/16622686256,205.0,154.80006682239483,219.0,111.14285714285714,50.199933177605175,14.0,93.85714285714286,worst_model
RF,random_forest,jod,Opetushallitus/jod-yksilo-ui,16520110724,https://github.com/Opetushallitus/jod-yksilo-ui/actions/runs/16520110724,184.0,184.16666666666475,196.0,185.14285714285714,0.16666666666475294,12.0,1.1428571428571388,best_model
RF,random_forest,jod,Opetushallitus/jod-yksilo-ui,16622406552,https://github.com/Opetushallitus/jod-yksilo-ui/actions/runs/16622406552,184.0,184.16666666666475,174.0,180.85714285714286,0.16666666666475294,10.0,3.142857142857139,best_model
RF,random_forest,jod,Opetushallitus/jod-yksilo-ui,16958005591,https://github.com/Opetushallitus/jod-yksilo-ui/actions/runs/16958005591,184.0,184.16666666666475,166.0,176.14285714285714,0.16666666666475294,18.0,7.857142857142861,best_model
RF,random_forest,jod,Opetushallitus/jod-yksilo-ui,16828534619,https://github.com/Opetushallitus/jod-yksilo-ui/actions/runs/16828534619,1206238.0,46183.40999999894,168.0,171.71428571428572,1160054.590000001,1206070.0,1206066.2857142857,worst_model
RF,random_forest,jod,Opetushallitus/jod-yksilo-ui,17095787568,https://github.com/Opetushallitus/jod-yksilo-ui/actions/runs/17095787568,170822.0,79897.21090908934,183.0,178.0,90924.78909091066,170639.0,170644.0,worst_model
RF,random_forest,jod,Opetushallitus/jod-yksilo-ui,17152365031,https://github.com/Opetushallitus/jod-yksilo-ui/actions/runs/17152365031,4984.0,38169.52888888867,166.0,24554.0,33185.52888888867,4818.0,19570.0,worst_model
RF,random_forest,m2os,m2Giles/m2os,16881048292,https://github.com/m2Giles/m2os/actions/runs/16881048292,3246.0,3332.8013151621362,3859.0,2269.5714285714284,86.80131516213623,613.0,976.4285714285716,best_model
RF,random_forest,m2os,m2Giles/m2os,16400253160,https://github.com/m2Giles/m2os/actions/runs/16400253160,1958.0,2128.615663442601,1960.0,2158.8571428571427,170.6156634426011,2.0,200.85714285714266,best_model
RF,random_forest,m2os,m2Giles/m2os,16840953558,https://github.com/m2Giles/m2os/actions/runs/16840953558,2110.0,2310.043743581624,1915.0,2000.4285714285713,200.04374358162386,195.0,109.57142857142867,best_model
RF,random_forest,m2os,m2Giles/m2os,16900027590,https://github.com/m2Giles/m2os/actions/runs/16900027590,8283.0,4087.5357836402777,5837.0,2975.0,4195.464216359722,2446.0,5308.0,worst_model
RF,random_forest,m2os,m2Giles/m2os,16901402234,https://github.com/m2Giles/m2os/actions/runs/16901402234,8500.0,4800.795148352005,8283.0,3884.714285714286,3699.2048516479954,217.0,4615.285714285714,worst_model
RF,random_forest,m2os,m2Giles/m2os,17112927257,https://github.com/m2Giles/m2os/actions/runs/17112927257,7434.0,4417.830434189872,8500.0,4797.571428571428,3016.169565810128,1066.0,2636.4285714285716,worst_model
RF,random_forest,orange,Orange-OpenSource/ouds-android,16810159736,https://github.com/Orange-OpenSource/ouds-android/actions/runs/16810159736,893.0,891.1149288572434,897.0,967.4285714285714,1.8850711427566011,4.0,74.42857142857144,best_model
RF,random_forest,orange,Orange-OpenSource/ouds-android,17112794461,https://github.com/Orange-OpenSource/ouds-android/actions/runs/17112794461,848.0,845.8825636577321,1084.0,1055.0,2.1174363422678653,236.0,207.0,best_model
RF,random_forest,orange,Orange-OpenSource/ouds-android,16680943085,https://github.com/Orange-OpenSource/ouds-android/actions/runs/16680943085,870.0,872.4106736965313,1014.0,973.8571428571429,2.410673696531262,144.0,103.85714285714289,best_model
RF,random_forest,orange,Orange-OpenSource/ouds-android,16744886252,https://github.com/Orange-OpenSource/ouds-android/actions/runs/16744886252,1493.0,841.4662294212545,826.0,1007.7142857142857,651.5337705787455,667.0,485.28571428571433,worst_model
RF,random_forest,orange,Orange-OpenSource/ouds-android,16578582926,https://github.com/Orange-OpenSource/ouds-android/actions/runs/16578582926,1374.0,955.5033481835786,1039.0,982.0,418.4966518164214,335.0,392.0,worst_model
RF,random_forest,orange,Orange-OpenSource/ouds-android,17276340744,https://github.com/Orange-OpenSource/ouds-android/actions/runs/17276340744,1223.0,842.5943531506476,1122.0,927.5714285714286,380.40564684935237,101.0,295.42857142857144,worst_model
RF,random_forest,radare2,radareorg/radare2,16610231828,https://github.com/radareorg/radare2/actions/runs/16610231828,2924.0,2935.1223945504935,1051.0,2042.7142857142858,11.122394550493482,1873.0,881.2857142857142,best_model
RF,random_forest,radare2,radareorg/radare2,16222178222,https://github.com/radareorg/radare2/actions/runs/16222178222,1078.0,1089.3611303711277,3404.0,2518.1428571428573,11.361130371127729,2326.0,1440.1428571428573,best_model
RF,random_forest,radare2,radareorg/radare2,17322685595,https://github.com/radareorg/radare2/actions/runs/17322685595,1035.0,1020.3003782389612,2604.0,1613.857142857143,14.69962176103877,1569.0,578.8571428571429,best_model
RF,random_forest,radare2,radareorg/radare2,17243347833,https://github.com/radareorg/radare2/actions/runs/17243347833,5935.0,1721.9911467221648,5366.0,2616.285714285714,4213.008853277835,569.0,3318.714285714286,worst_model
RF,random_forest,radare2,radareorg/radare2,16177243785,https://github.com/radareorg/radare2/actions/runs/16177243785,5152.0,1387.1483718925972,5698.0,3607.714285714286,3764.8516281074026,546.0,1544.2857142857142,worst_model
RF,random_forest,radare2,radareorg/radare2,16182201971,https://github.com/radareorg/radare2/actions/runs/16182201971,5474.0,1741.8703367927073,2710.0,4069.1428571428573,3732.1296632072927,2764.0,1404.8571428571427,worst_model
RF,random_forest,rustlang,rust-lang/crates.io,16816563530,https://github.com/rust-lang/crates.io/actions/runs/16816563530,562.0,562.006839965591,496.0,542.0,0.0068399655909843204,66.0,20.0,best_model
RF,random_forest,rustlang,rust-lang/crates.io,16488986084,https://github.com/rust-lang/crates.io/actions/runs/16488986084,461.0,461.0193733779775,500.0,491.85714285714283,0.019373377977501605,39.0,30.857142857142833,best_model
RF,random_forest,rustlang,rust-lang/crates.io,16692774937,https://github.com/rust-lang/crates.io/actions/runs/16692774937,490.0,490.10411333646005,498.0,468.7142857142857,0.1041133364600455,8.0,21.285714285714278,best_model
RF,random_forest,rustlang,rust-lang/crates.io,15971371203,https://github.com/rust-lang/crates.io/actions/runs/15971371203,907.0,476.1637285720387,334.0,448.7142857142857,430.8362714279613,573.0,458.2857142857143,worst_model
RF,random_forest,rustlang,rust-lang/crates.io,16622913990,https://github.com/rust-lang/crates.io/actions/runs/16622913990,321.0,657.2466298047328,486.0,470.14285714285717,336.24662980473283,165.0,149.14285714285717,worst_model
RF,random_forest,rustlang,rust-lang/crates.io,16197268942,https://github.com/rust-lang/crates.io/actions/runs/16197268942,315.0,647.4705328634458,342.0,431.2857142857143,332.4705328634458,27.0,116.28571428571428,worst_model
XGB,xgboost,bmad,bmad-sim/bmad-ecosystem,16710213981,https://github.com/bmad-sim/bmad-ecosystem/actions/runs/16710213981,1145.0,1145.285400390625,1127.0,1144.857142857143,0.285400390625,18.0,0.14285714285711038,best_model
XGB,xgboost,bmad,bmad-sim/bmad-ecosystem,16898408470,https://github.com/bmad-sim/bmad-ecosystem/actions/runs/16898408470,1148.0,1147.401123046875,1148.0,1149.5714285714287,0.598876953125,0.0,1.5714285714286689,best_model
XGB,xgboost,bmad,bmad-sim/bmad-ecosystem,17060814448,https://github.com/bmad-sim/bmad-ecosystem/actions/runs/17060814448,1134.0,1137.5609130859375,1160.0,1144.857142857143,3.5609130859375,26.0,10.85714285714289,best_model
XGB,xgboost,bmad,bmad-sim/bmad-ecosystem,17220289767,https://github.com/bmad-sim/bmad-ecosystem/actions/runs/17220289767,1235.0,1122.0283203125,1124.0,1137.0,112.9716796875,111.0,98.0,worst_model
XGB,xgboost,bmad,bmad-sim/bmad-ecosystem,16870876036,https://github.com/bmad-sim/bmad-ecosystem/actions/runs/16870876036,1257.0,1150.0303955078125,1149.0,1141.142857142857,106.9696044921875,108.0,115.85714285714289,worst_model
XGB,xgboost,bmad,bmad-sim/bmad-ecosystem,17076603505,https://github.com/bmad-sim/bmad-ecosystem/actions/runs/17076603505,1245.0,1150.0303955078125,1151.0,1160.2857142857142,94.9696044921875,94.0,84.71428571428578,worst_model
XGB,xgboost,bruce,pr3y/Bruce,16282605847,https://github.com/pr3y/Bruce/actions/runs/16282605847,310.0,306.7699279785156,302.0,373.0,3.230072021484375,8.0,63.0,best_model
XGB,xgboost,bruce,pr3y/Bruce,16895894013,https://github.com/pr3y/Bruce/actions/runs/16895894013,316.0,319.3099060058594,311.0,336.57142857142856,3.309906005859375,5.0,20.571428571428555,best_model
XGB,xgboost,bruce,pr3y/Bruce,15982769926,https://github.com/pr3y/Bruce/actions/runs/15982769926,329.0,332.5810852050781,327.0,340.57142857142856,3.581085205078125,2.0,11.571428571428555,best_model
XGB,xgboost,bruce,pr3y/Bruce,17153957122,https://github.com/pr3y/Bruce/actions/runs/17153957122,434.0,322.3244934082031,409.0,374.2857142857143,111.67550659179688,25.0,59.71428571428572,worst_model
XGB,xgboost,bruce,pr3y/Bruce,16963328986,https://github.com/pr3y/Bruce/actions/runs/16963328986,438.0,329.1963195800781,316.0,336.85714285714283,108.80368041992188,122.0,101.14285714285717,worst_model
XGB,xgboost,bruce,pr3y/Bruce,15508927537,https://github.com/pr3y/Bruce/actions/runs/15508927537,413.0,305.30072021484375,362.0,326.42857142857144,107.69927978515625,51.0,86.57142857142856,worst_model
XGB,xgboost,ccpay,hmcts/ccpay-payment-app,16600647936,https://github.com/hmcts/ccpay-payment-app/actions/runs/16600647936,339.0,340.3369140625,309.0,335.7142857142857,1.3369140625,30.0,3.2857142857142776,best_model
XGB,xgboost,ccpay,hmcts/ccpay-payment-app,16624402734,https://github.com/hmcts/ccpay-payment-app/actions/runs/16624402734,337.0,335.50933837890625,337.0,335.14285714285717,1.49066162109375,0.0,1.8571428571428328,best_model
XGB,xgboost,ccpay,hmcts/ccpay-payment-app,16564270830,https://github.com/hmcts/ccpay-payment-app/actions/runs/16564270830,342.0,340.390625,313.0,333.85714285714283,1.609375,29.0,8.142857142857167,best_model
XGB,xgboost,ccpay,hmcts/ccpay-payment-app,16624406460,https://github.com/hmcts/ccpay-payment-app/actions/runs/16624406460,416.0,331.7354736328125,311.0,329.85714285714283,84.2645263671875,105.0,86.14285714285717,worst_model
XGB,xgboost,ccpay,hmcts/ccpay-payment-app,16565220137,https://github.com/hmcts/ccpay-payment-app/actions/runs/16565220137,397.0,334.71728515625,353.0,332.57142857142856,62.28271484375,44.0,64.42857142857144,worst_model
XGB,xgboost,ccpay,hmcts/ccpay-payment-app,16600592471,https://github.com/hmcts/ccpay-payment-app/actions/runs/16600592471,390.0,339.2220153808594,329.0,327.57142857142856,50.777984619140625,61.0,62.428571428571445,worst_model
XGB,xgboost,daos,daos-stack/daos,20336781111,https://github.com/daos-stack/daos/actions/runs/20336781111,2549.0,2548.59033203125,2533.0,2610.0,0.40966796875,16.0,61.0,best_model
XGB,xgboost,daos,daos-stack/daos,19955779028,https://github.com/daos-stack/daos/actions/runs/19955779028,2480.0,2480.722412109375,1719.0,3995.0,0.722412109375,761.0,1515.0,best_model
XGB,xgboost,daos,daos-stack/daos,20312310051,https://github.com/daos-stack/daos/actions/runs/20312310051,2525.0,2522.625244140625,1654.0,2529.4285714285716,2.374755859375,871.0,4.4285714285715585,best_model
XGB,xgboost,daos,daos-stack/daos,19942358272,https://github.com/daos-stack/daos/actions/runs/19942358272,7964.0,2855.8330078125,3560.0,4389.714285714285,5108.1669921875,4404.0,3574.2857142857147,worst_model
XGB,xgboost,daos,daos-stack/daos,19711730134,https://github.com/daos-stack/daos/actions/runs/19711730134,8038.0,3146.720458984375,3023.0,4191.285714285715,4891.279541015625,5015.0,3846.7142857142853,worst_model
XGB,xgboost,daos,daos-stack/daos,20080538087,https://github.com/daos-stack/daos/actions/runs/20080538087,7264.0,2574.066162109375,3327.0,2586.8571428571427,4689.933837890625,3937.0,4677.142857142857,worst_model
XGB,xgboost,filterlists,collinbarrett/FilterLists,16615880178,https://github.com/collinbarrett/FilterLists/actions/runs/16615880178,92.0,91.95809936523438,93.0,95.0,0.041900634765625,1.0,3.0,best_model
XGB,xgboost,filterlists,collinbarrett/FilterLists,16914545583,https://github.com/collinbarrett/FilterLists/actions/runs/16914545583,28.0,28.18790054321289,104.0,90.14285714285714,0.18790054321289062,76.0,62.14285714285714,best_model
XGB,xgboost,filterlists,collinbarrett/FilterLists,16915744834,https://github.com/collinbarrett/FilterLists/actions/runs/16915744834,102.0,101.73448181152344,88.0,84.85714285714286,0.2655181884765625,14.0,17.14285714285714,best_model
XGB,xgboost,filterlists,collinbarrett/FilterLists,16622680257,https://github.com/collinbarrett/FilterLists/actions/runs/16622680257,219.0,142.98867797851562,86.0,95.14285714285714,76.01132202148438,133.0,123.85714285714286,worst_model
XGB,xgboost,filterlists,collinbarrett/FilterLists,16813068759,https://github.com/collinbarrett/FilterLists/actions/runs/16813068759,189.0,125.4976577758789,90.0,94.57142857142857,63.502342224121094,99.0,94.42857142857143,worst_model
XGB,xgboost,filterlists,collinbarrett/FilterLists,16622686256,https://github.com/collinbarrett/FilterLists/actions/runs/16622686256,205.0,151.1688232421875,219.0,111.14285714285714,53.8311767578125,14.0,93.85714285714286,worst_model
XGB,xgboost,jod,Opetushallitus/jod-yksilo-ui,17318855988,https://github.com/Opetushallitus/jod-yksilo-ui/actions/runs/17318855988,192.0,191.9541473388672,192.0,188.57142857142858,0.0458526611328125,0.0,3.4285714285714164,best_model
XGB,xgboost,jod,Opetushallitus/jod-yksilo-ui,17038807935,https://github.com/Opetushallitus/jod-yksilo-ui/actions/runs/17038807935,174.0,173.80874633789062,182.0,173.0,0.191253662109375,8.0,1.0,best_model
XGB,xgboost,jod,Opetushallitus/jod-yksilo-ui,17265772205,https://github.com/Opetushallitus/jod-yksilo-ui/actions/runs/17265772205,173.0,172.57098388671875,192.0,180.57142857142858,0.42901611328125,19.0,7.571428571428584,best_model
XGB,xgboost,jod,Opetushallitus/jod-yksilo-ui,16828534619,https://github.com/Opetushallitus/jod-yksilo-ui/actions/runs/16828534619,1206238.0,11307.890625,168.0,171.71428571428572,1194930.109375,1206070.0,1206066.2857142857,worst_model
XGB,xgboost,jod,Opetushallitus/jod-yksilo-ui,17095787568,https://github.com/Opetushallitus/jod-yksilo-ui/actions/runs/17095787568,170822.0,47858.17578125,183.0,178.0,122963.82421875,170639.0,170644.0,worst_model
XGB,xgboost,jod,Opetushallitus/jod-yksilo-ui,17152365031,https://github.com/Opetushallitus/jod-yksilo-ui/actions/runs/17152365031,4984.0,964.6304931640625,166.0,24554.0,4019.3695068359375,4818.0,19570.0,worst_model
XGB,xgboost,m2os,m2Giles/m2os,16383854258,https://github.com/m2Giles/m2os/actions/runs/16383854258,2135.0,2142.983154296875,4085.0,4288.0,7.983154296875,1950.0,2153.0,best_model
XGB,xgboost,m2os,m2Giles/m2os,17252591712,https://github.com/m2Giles/m2os/actions/runs/17252591712,2207.0,2191.274169921875,1928.0,2085.285714285714,15.725830078125,279.0,121.71428571428578,best_model
XGB,xgboost,m2os,m2Giles/m2os,16840953558,https://github.com/m2Giles/m2os/actions/runs/16840953558,2110.0,2198.42138671875,1915.0,2000.4285714285713,88.42138671875,195.0,109.57142857142867,best_model
XGB,xgboost,m2os,m2Giles/m2os,16900027590,https://github.com/m2Giles/m2os/actions/runs/16900027590,8283.0,4383.37451171875,5837.0,2975.0,3899.62548828125,2446.0,5308.0,worst_model
XGB,xgboost,m2os,m2Giles/m2os,16901402234,https://github.com/m2Giles/m2os/actions/runs/16901402234,8500.0,4761.3310546875,8283.0,3884.714285714286,3738.6689453125,217.0,4615.285714285714,worst_model
XGB,xgboost,m2os,m2Giles/m2os,17112927257,https://github.com/m2Giles/m2os/actions/runs/17112927257,7434.0,3705.728759765625,8500.0,4797.571428571428,3728.271240234375,1066.0,2636.4285714285716,worst_model
XGB,xgboost,orange,Orange-OpenSource/ouds-android,16670284633,https://github.com/Orange-OpenSource/ouds-android/actions/runs/16670284633,836.0,834.4632568359375,1029.0,1025.7142857142858,1.5367431640625,193.0,189.71428571428578,best_model
XGB,xgboost,orange,Orange-OpenSource/ouds-android,16722450022,https://github.com/Orange-OpenSource/ouds-android/actions/runs/16722450022,839.0,834.4632568359375,1000.0,942.7142857142857,4.5367431640625,161.0,103.71428571428567,best_model
XGB,xgboost,orange,Orange-OpenSource/ouds-android,16826896195,https://github.com/Orange-OpenSource/ouds-android/actions/runs/16826896195,833.0,827.6390991210938,805.0,1002.4285714285714,5.36090087890625,28.0,169.42857142857144,best_model
XGB,xgboost,orange,Orange-OpenSource/ouds-android,16744886252,https://github.com/Orange-OpenSource/ouds-android/actions/runs/16744886252,1493.0,834.4632568359375,826.0,1007.7142857142857,658.5367431640625,667.0,485.28571428571433,worst_model
XGB,xgboost,orange,Orange-OpenSource/ouds-android,16578582926,https://github.com/Orange-OpenSource/ouds-android/actions/runs/16578582926,1374.0,894.6038818359375,1039.0,982.0,479.3961181640625,335.0,392.0,worst_model
XGB,xgboost,orange,Orange-OpenSource/ouds-android,16770567474,https://github.com/Orange-OpenSource/ouds-android/actions/runs/16770567474,1253.0,834.4632568359375,1145.0,1028.0,418.5367431640625,108.0,225.0,worst_model
XGB,xgboost,radare2,radareorg/radare2,16763310842,https://github.com/radareorg/radare2/actions/runs/16763310842,2683.0,2686.74462890625,899.0,1509.7142857142858,3.74462890625,1784.0,1173.2857142857142,best_model
XGB,xgboost,radare2,radareorg/radare2,16913349468,https://github.com/radareorg/radare2/actions/runs/16913349468,2644.0,2640.201416015625,5941.0,3492.285714285714,3.798583984375,3297.0,848.2857142857142,best_model
XGB,xgboost,radare2,radareorg/radare2,16471455129,https://github.com/radareorg/radare2/actions/runs/16471455129,2341.0,2333.81787109375,2276.0,1573.7142857142858,7.18212890625,65.0,767.2857142857142,best_model
XGB,xgboost,radare2,radareorg/radare2,17243347833,https://github.com/radareorg/radare2/actions/runs/17243347833,5935.0,1726.475341796875,5366.0,2616.285714285714,4208.524658203125,569.0,3318.714285714286,worst_model
XGB,xgboost,radare2,radareorg/radare2,16177243785,https://github.com/radareorg/radare2/actions/runs/16177243785,5152.0,1000.4382934570312,5698.0,3607.714285714286,4151.561706542969,546.0,1544.2857142857142,worst_model
XGB,xgboost,radare2,radareorg/radare2,16182201971,https://github.com/radareorg/radare2/actions/runs/16182201971,5474.0,1469.601806640625,2710.0,4069.1428571428573,4004.398193359375,2764.0,1404.8571428571427,worst_model
XGB,xgboost,rustlang,rust-lang/crates.io,16361737073,https://github.com/rust-lang/crates.io/actions/runs/16361737073,507.0,506.654541015625,475.0,485.14285714285717,0.345458984375,32.0,21.857142857142833,best_model
XGB,xgboost,rustlang,rust-lang/crates.io,16662643268,https://github.com/rust-lang/crates.io/actions/runs/16662643268,330.0,330.5993347167969,531.0,480.57142857142856,0.599334716796875,201.0,150.57142857142856,best_model
XGB,xgboost,rustlang,rust-lang/crates.io,16041328417,https://github.com/rust-lang/crates.io/actions/runs/16041328417,512.0,511.25006103515625,544.0,509.14285714285717,0.74993896484375,32.0,2.857142857142833,best_model
XGB,xgboost,rustlang,rust-lang/crates.io,15971371203,https://github.com/rust-lang/crates.io/actions/runs/15971371203,907.0,426.8828125,334.0,448.7142857142857,480.1171875,573.0,458.2857142857143,worst_model
XGB,xgboost,rustlang,rust-lang/crates.io,16117493586,https://github.com/rust-lang/crates.io/actions/runs/16117493586,323.0,595.5100708007812,535.0,499.14285714285717,272.51007080078125,212.0,176.14285714285717,worst_model
XGB,xgboost,rustlang,rust-lang/crates.io,16089747756,https://github.com/rust-lang/crates.io/actions/runs/16089747756,330.0,583.6524047851562,453.0,495.42857142857144,253.65240478515625,123.0,165.42857142857144,worst_model
